445-1311-1-ND,11
445-6857-1-ND,8
445-1317-1-ND,25
399-7893-1-ND,3
445-1235-1-ND,5
587-2782-1-ND,5
445-1327-1-ND,1
478-1232-1-ND,1
445-4991-1-ND,2
BAT54-FDICT-ND,1
450-1364-ND,1
1100-1134-ND,1
MICROSMD050FCT-ND,1
445-6165-1-ND,1
H2961CT-ND,1
541-1327-1-ND,4
160-1169-1-ND,8
ED2987-ND,1
SI3477DV-T1-GE3CT-ND,1
P470GCT-ND,8
P47KGCT-ND,1
P1.0KGCT-ND,2
P10.0KLCT-ND,9
P4.7KGCT-ND,5
P47GCT-ND,35
P0.0GCT-ND,2
311-13.0KLRCT-ND,2
P51.0KLCT-ND,1
P11.0KLCT-ND,1
P75.0KLCT-ND,1
RMCF0402FT24K0CT-ND,1
P0.0JCT-ND,2
P68.0KLCT-ND,7
P4.70KLCT-ND,2
P22GCT-ND,2
P2.7KGCT-ND,1
P10KGCT-ND,10
P220KGCT-ND,1
P1.00KLCT-ND,1
P8008S-ND,4
CKN9565-ND,3
3M5067-ND,1
3M5066-ND,1
FDC6330LCT-ND,1
LTC3589EUJ-2#PBF-ND,1
336-1160-5-ND,1
497-11882-1-ND,1
SI1035X-T1-GE3CT-ND,4
296-18005-1-ND,2
568-4688-1-ND,1
535-9565-1-ND,1
